area_name,seed_area,seed_indices,reference_model_seed_fc_z,reference_target_seed_fc_z,model_5ht_seed_fc_z,target_5ht_seed_fc_z,model_change,target_change,change_delta,valid,model_change_vector_normalized,target_change_vector_normalized,model_5ht_seed_fc_z_vector_normalized,target_5ht_seed_fc_z_vector_normalized,reference_model_seed_fc_z_vector_normalized,reference_target_seed_fc_z_vector_normalized,model_change_valid_norm,target_change_valid_norm,model_5ht_seed_fc_z_valid_norm,target_5ht_seed_fc_z_valid_norm,reference_model_seed_fc_z_valid_norm,reference_target_seed_fc_z_valid_norm
V1,24c+32,"38,28",-0.3906987163164737,0.003786,-0.30936406897631247,0.015773,0.08133464734016121,0.011987,0.06934764734016122,True,0.0280093249941,0.0101727934356,-0.0752972729576,0.0237104649317,-0.0791210398506,0.0039481001959,2.90384175118,1.17833907431,4.10856936546,0.665233686704,4.93798763331,0.95894222845
V2,24c+32,"38,28",-0.6114324552068722,0.043747,-0.9405201868057198,0.039852,-0.32908773159884763,-0.0038950000000000026,-0.32519273159884765,True,-0.113328397274,-0.00330550016114,-0.228916711182,0.0599067677968,-0.123822192482,0.045620057916,2.90384175118,1.17833907431,4.10856936546,0.665233686704,4.93798763331,0.95894222845
V4,24c+32,"38,28",0.3125789779434819,0.096906,0.2998721501650737,0.01233,-0.012706827778408203,-0.08457600000000001,0.07186917222159181,True,-0.00437586785618,-0.0717756050395,0.072986999486,0.0185348400817,0.0633008831037,0.10105509709,2.90384175118,1.17833907431,4.10856936546,0.665233686704,4.93798763331,0.95894222845
1,24c+32,"38,28",-0.1732244028172025,0.054903,0.04771052914448566,-0.127009,0.22093493196168817,-0.18191200000000002,0.4028469319616882,True,0.0760836680828,-0.154380011634,0.0116124433837,-0.190923885153,-0.0350799588174,0.0572537097347,2.90384175118,1.17833907431,4.10856936546,0.665233686704,4.93798763331,0.95894222845
3,24c+32,"38,28",-0.3116359119643835,0.04628,-0.24751578494662413,-0.000506,0.06412012701775938,-0.046786,0.11090612701775937,True,0.0220811368222,-0.039705039933,-0.0602437887571,-0.000760634961989,-0.0631099012607,0.0482615100545,2.90384175118,1.17833907431,4.10856936546,0.665233686704,4.93798763331,0.95894222845
MT,24c+32,"38,28",-0.8066092523033638,0.175566,-1.0753560251729413,0.03625,-0.2687467728695775,-0.139316,-0.1294307728695775,True,-0.0925486978622,-0.118230824249,-0.261734908071,0.0544921291939,-0.163347766783,0.183082979132,2.90384175118,1.17833907431,4.10856936546,0.665233686704,4.93798763331,0.95894222845
V6,24c+32,"38,28",-0.9175106347962058,0.139254,-0.6119297144655094,0.217226,0.3055809203306964,0.07797200000000001,0.22760892033069638,True,0.105233324167,0.0661711061783,-0.148939852302,0.326540889828,-0.185806588216,0.145216255858,2.90384175118,1.17833907431,4.10856936546,0.665233686704,4.93798763331,0.95894222845
DP,24c+32,"38,28",-0.3669966114028981,0.199567,-0.8431130541440998,-0.259572,-0.4761164427412017,-0.459139,-0.016977442741201665,True,-0.163960877878,-0.389649303848,-0.205208426376,-0.390196716113,-0.0743210875879,0.208111598467,2.90384175118,1.17833907431,4.10856936546,0.665233686704,4.93798763331,0.95894222845
TEO,24c+32,"38,28",-0.1110514383364741,0.031259,-0.35543609560402717,0.072362,-0.24438465726755307,0.041102999999999994,-0.28548765726755304,True,-0.0841590824185,0.0348821497108,-0.0865109151113,0.108776812489,-0.0224892094884,0.0325973756005,2.90384175118,1.17833907431,4.10856936546,0.665233686704,4.93798763331,0.95894222845
8m,24c+32,"38,28",1.190529625141391,0.175673,1.5470473108710718,0.165189,0.3565176857296808,-0.010483999999999993,0.3670016857296808,True,0.122774488515,-0.0088972692399,0.376541606886,0.248317250466,0.241096113144,0.183194560411,2.90384175118,1.17833907431,4.10856936546,0.665233686704,4.93798763331,0.95894222845
F4,24c+32,"38,28",0.748544482282172,-0.015774,0.5260582691443598,0.135711,-0.22248621313781214,0.151485,-0.3739712131378121,True,-0.0766178849269,0.128558072378,0.128039281402,0.204005002622,0.151588974673,-0.0164493746672,2.90384175118,1.17833907431,4.10856936546,0.665233686704,4.93798763331,0.95894222845
5,24c+32,"38,28",-0.4538071746727682,-0.026274,-0.6545036709297951,-0.164674,-0.2006964962570269,-0.1384,-0.062296496257026907,True,-0.0691141299885,-0.117453458871,-0.159302086131,-0.247543086424,-0.0919012375835,-0.0273989393944,2.90384175118,1.17833907431,4.10856936546,0.665233686704,4.93798763331,0.95894222845
2,24c+32,"38,28",0.1479077236974803,0.088933,0.421586968241381,-0.059867,0.2736792445439007,-0.1488,0.4224792445439007,True,0.0942472999546,-0.126279441329,0.102611622378,-0.0899939392676,0.0299530364758,0.0927407276075,2.90384175118,1.17833907431,4.10856936546,0.665233686704,4.93798763331,0.95894222845
8l,24c+32,"38,28",0.6469583305819779,0.16706,0.3595982875714753,0.064032,-0.28736004301050266,-0.10302799999999998,-0.18433204301050268,True,-0.0989585754437,-0.0874349346861,0.0875239665161,0.0962548970081,0.131016595955,0.174212788887,2.90384175118,1.17833907431,4.10856936546,0.665233686704,4.93798763331,0.95894222845
F1,24c+32,"38,28",0.1566886946867534,0.023885,-0.355635453988181,0.014027,-0.5123241486749344,-0.009858,-0.5024661486749343,True,-0.176429775647,-0.00836601298807,-0.0865594376909,0.0210858233435,0.031731285358,0.024907652715,2.90384175118,1.17833907431,4.10856936546,0.665233686704,4.93798763331,0.95894222845
STPc,24c+32,"38,28",0.1193505318219935,-0.004758,-0.05265870888695886,0.021164,-0.17200924070895235,0.025922,-0.19793124070895235,True,-0.0592350601196,0.0219987612778,-0.0128167992805,0.0318143840623,0.0241698725645,-0.00496171704493,2.90384175118,1.17833907431,4.10856936546,0.665233686704,4.93798763331,0.95894222845
7A,24c+32,"38,28",-0.3172322033772701,0.03126,-0.5225709934872871,-0.022945,-0.205338790110017,-0.054205,-0.15113379011001699,True,-0.0707128031432,-0.0460011903042,-0.127190500392,-0.0344916387408,-0.0642432154422,0.0325984184162,2.90384175118,1.17833907431,4.10856936546,0.665233686704,4.93798763331,0.95894222845
10,24c+32,"38,28",1.7130584923561891,0.313056,0.786296753181351,-0.259452,-0.9267617391748382,-0.572508,-0.35425373917483816,True,-0.319150221874,-0.485860150515,0.191379695276,-0.390016328375,0.34691429375,0.326459708116,2.90384175118,1.17833907431,4.10856936546,0.665233686704,4.93798763331,0.95894222845
F3,24c+32,"38,28",1.0167117822131193,0.09415,-0.03230216644405089,0.073127,-1.0490139486571701,-0.021023,-1.0279909486571701,True,-0.361250384334,-0.0178412143486,-0.00786214459846,0.109926784319,0.205895975793,0.0981810970533,2.90384175118,1.17833907431,4.10856936546,0.665233686704,4.93798763331,0.95894222845
TEpd,24c+32,"38,28",-0.3245053066536119,0.016372,-0.4811608251196004,0.111161,-0.15665551846598852,0.094789,-0.25144451846598853,True,-0.0539476775559,0.0804428895442,-0.117111525283,0.167100677885,-0.065716103553,0.0170729784488,2.90384175118,1.17833907431,4.10856936546,0.665233686704,4.93798763331,0.95894222845
46d,24c+32,"38,28",0.8428803839453579,0.337073,0.3089202722657289,0.036685,-0.5339601116796291,-0.300388,-0.2335721116796291,True,-0.183880582151,-0.254924924879,0.0751892556233,0.0551460347442,0.170693093328,0.351505012502,2.90384175118,1.17833907431,4.10856936546,0.665233686704,4.93798763331,0.95894222845
9/46v,24c+32,"38,28",1.1355680175870717,0.2712,1.2907766640694802,0.097202,0.1552086464824085,-0.17399799999999999,0.3292066464824085,True,0.0534494162498,-0.147663778444,0.314166939695,0.146117074259,0.229965747571,0.282811614667,2.90384175118,1.17833907431,4.10856936546,0.665233686704,4.93798763331,0.95894222845
PBr,24c+32,"38,28",0.1364472470027257,0.032065,-0.13352649532535496,0.00353,-0.2699737423280807,-0.028535000000000005,-0.24143874232808069,True,-0.0929712310316,-0.0242162893705,-0.0324995110093,0.00530640596012,0.0276321564846,0.0334378850453,2.90384175118,1.17833907431,4.10856936546,0.665233686704,4.93798763331,0.95894222845
9/46d,24c+32,"38,28",1.2942154598466695,0.245636,0.7506502763481042,0.079916,-0.5435651834985653,-0.16571999999999998,-0.37784518349856533,True,-0.187188294017,-0.140638635868,0.182703566516,0.120132220597,0.262093702122,0.256153074411,2.90384175118,1.17833907431,4.10856936546,0.665233686704,4.93798763331,0.95894222845
F5,24c+32,"38,28",0.0907111586830765,0.081314,-0.2115128381492226,0.149549,-0.30222399683229906,0.06823499999999999,-0.37045899683229905,True,-0.104077295779,0.0579077801016,-0.0514808974451,0.224806715278,0.0183700659903,0.0847955148783,2.90384175118,1.17833907431,4.10856936546,0.665233686704,4.93798763331,0.95894222845
7m,24c+32,"38,28",1.1789774034082137,-0.082866,1.0459275707772617,0.047937,-0.13304983263095194,0.130803,-0.26385283263095194,True,-0.0458185548772,0.111006248415,0.254572206951,0.072060391646,0.238756653714,-0.0864139648266,2.90384175118,1.17833907431,4.10856936546,0.665233686704,4.93798763331,0.95894222845
25,24c+32,"38,28",0.4639971322366681,-0.168438,1.2781206997641954,0.142877,0.8141235675275273,0.311315,0.5028085675275273,True,0.28036085892,0.264198147026,0.311086557406,0.214777157044,0.0939648226551,-0.175649788906,2.90384175118,1.17833907431,4.10856936546,0.665233686704,4.93798763331,0.95894222845
LIP,24c+32,"38,28",-0.4234329907558415,0.063567,-0.3503948055114189,0.037658,0.07303818524442263,-0.025909,0.09894718524442263,True,0.0251522608678,-0.0219877287998,-0.0852838967396,0.0566086786533,-0.0857501116244,0.0662886648581,2.90384175118,1.17833907431,4.10856936546,0.665233686704,4.93798763331,0.95894222845
32,24c+32,"38,28",2.0,0.812202,2.0,0.704386,0.0,-0.10781600000000002,0.10781600000000002,False,0,-0.0914982812256,0.48678744889,1.05885497695,0.405023290563,0.846976987668,2.90384175118,1.17833907431,4.10856936546,0.665233686704,4.93798763331,0.95894222845
STPi,24c+32,"38,28",-0.2239840293512131,0.028622,-0.14462332718540097,0.059489,0.07936070216581212,0.030867,0.04849370216581212,True,0.0273295547643,0.0261953462064,-0.0352004102453,0.0894257178928,-0.0453593743007,0.0298474706305,2.90384175118,1.17833907431,4.10856936546,0.665233686704,4.93798763331,0.95894222845
9,24c+32,"38,28",1.4777397627267828,0.358544,0.6847934390958645,0.145686,-0.7929463236309182,-0.21285799999999996,-0.5800883236309182,True,-0.27306802215,-0.180642401361,0.166674425617,0.218999733345,0.299259510648,0.373895308145,2.90384175118,1.17833907431,4.10856936546,0.665233686704,4.93798763331,0.95894222845
45A,24c+32,"38,28",0.6744082048447885,0.22115,0.5875061731373741,-0.163953,-0.0869020317074144,-0.385103,0.2982009682925856,True,-0.0299265728486,-0.326818492569,0.142995315614,-0.246459256765,0.136575515154,0.230618689467,2.90384175118,1.17833907431,4.10856936546,0.665233686704,4.93798763331,0.95894222845
8B,24c+32,"38,28",1.7531642528382434,0.223581,0.7069293308806369,0.060359,-1.0462349219576064,-0.163222,-0.8830129219576064,True,-0.360293367066,-0.138518702773,0.172062162762,0.0907335289935,0.355036177291,0.233153774406,2.90384175118,1.17833907431,4.10856936546,0.665233686704,4.93798763331,0.95894222845
7B,24c+32,"38,28",-0.7311420205752518,0.111312,-0.6756002591089422,-0.018539,0.055541761466309625,-0.129851,0.18539276146630962,True,0.019126993213,-0.11019833156,-0.164436863301,-0.0278684022931,-0.148064773521,0.116077899896,2.90384175118,1.17833907431,4.10856936546,0.665233686704,4.93798763331,0.95894222845
F2,24c+32,"38,28",0.5283208924794417,-0.024718,0.0987792718357303,-0.00053,-0.4295416206437114,0.024188,-0.45372962064371136,True,-0.147921841977,0.0205271984333,0.0240422548701,-0.000796712509593,0.106991133173,-0.0257763181834,2.90384175118,1.17833907431,4.10856936546,0.665233686704,4.93798763331,0.95894222845
F7,24c+32,"38,28",1.6101939356626118,0.25606,0.5045777917355656,-0.103096,-1.1056161439270462,-0.35915600000000003,-0.7464601439270462,True,-0.380742560602,-0.304798514987,0.122811068003,-0.154977118659,0.326083023133,0.267023385146,2.90384175118,1.17833907431,4.10856936546,0.665233686704,4.93798763331,0.95894222845
ProM,24c+32,"38,28",0.1952597723589374,0.004375,0.7538227513424712,-0.007453,0.5585629789835338,-0.011828000000000002,0.5703909789835337,True,0.192353105591,-0.0100378577422,0.183475727021,-0.0112035817623,0.0395423777577,0.00456231863631,2.90384175118,1.17833907431,4.10856936546,0.665233686704,4.93798763331,0.95894222845
STPr,24c+32,"38,28",-0.1552174178258984,-0.05701,0.23343157415143514,0.079456,0.38864899197733355,0.136466,0.2521829919773335,True,0.133839590887,0.115812165594,0.0568157802358,0.119440734268,-0.0314333346603,-0.0594509223899,2.90384175118,1.17833907431,4.10856936546,0.665233686704,4.93798763331,0.95894222845
24c,24c+32,"38,28",2.0,1.081141,2.0,0.998232,0.0,-0.0829089999999999,0.0829089999999999,False,0,-0.0703609018896,0.48678744889,1.5005734375,0.405023290563,1.12743079606,2.90384175118,1.17833907431,4.10856936546,0.665233686704,4.93798763331,0.95894222845
OPRO,24c+32,"38,28",0.6622425960955876,0.176695,0.8964883609469835,-0.01692,0.23424576485139592,-0.19361499999999998,0.4278607648513959,True,0.0806675380145,-0.164311787856,0.218199641092,-0.025434671061,0.134111837711,0.184260318044,2.90384175118,1.17833907431,4.10856936546,0.665233686704,4.93798763331,0.95894222845
